1,Abilene Christian,29,24,5,.828,6.27,-6.37,,13,2,,13,0,,5,4,,2196,1753,,1160,786,1752,.449,221,643,.344,403,594,.678,329,1047,513,282,86,394,554
2,Air Force,25,5,20,.200,-12.98,0.22,,3,17,,3,8,,1,10,,1468,1798,,1000,522,1170,.446,174,527,.330,250,361,.693,110,580,308,177,62,361,415
3,Akron,23,15,8,.652,1.85,-1.96,,12,6,,9,1,,5,5,,1798,1660,,930,628,1415,.444,217,652,.333,325,429,.758,262,895,305,113,84,271,413
4,Alabama A&M,15,6,9,.400,-18.86,-14.99,,4,9,,5,2,,1,7,,950,1008,,610,347,868,.400,83,286,.290,173,276,.627,160,577,164,82,54,229,272
5,UAB,29,22,7,.759,5.80,-3.83,,13,5,,15,2,,6,4,,2105,1748,,1160,788,1746,.451,147,475,.309,382,549,.696,311,1063,308,231,121,304,441
6,Alabama State,18,4,14,.222,-24.28,-16.95,,4,14,,3,6,,1,8,,1156,1288,,720,383,1009,.380,111,350,.317,279,431,.647,205,653,175,110,43,291,343
7,Alabama,33,26,7,.788,19.58,10.01,,16,2,,12,1,,7,3,,2629,2313,,1325,924,2125,.435,348,989,.352,433,612,.708,408,1343,464,280,143,458,603
8,Albany (NY),16,7,9,.438,-4.53,-5.22,,6,6,,4,5,,2,4,,1110,1099,,640,395,883,.447,102,303,.337,218,301,.724,110,480,187,98,29,201,285
9,Alcorn State,19,6,13,.316,-19.58,-10.06,,6,7,,4,3,,2,9,,1256,1437,,760,435,1107,.393,113,376,.301,273,376,.726,206,608,177,144,30,276,394
10,American,10,4,6,.400,-6.32,-1.82,,4,5,,2,2,,2,4,,691,736,,420,248,557,.445,90,238,.378,105,149,.705,78,326,128,73,47,158,193
11,Appalachian State,29,17,12,.586,-5.84,-5.72,,7,8,,9,4,,4,7,,2039,1860,,1185,690,1688,.409,233,737,.316,426,574,.742,319,1053,344,230,107,343,394
12,Arizona State,25,11,14,.440,7.48,10.24,,7,10,,7,6,,2,6,,1858,1927,,1010,656,1515,.433,179,537,.333,367,504,.728,196,797,327,182,82,274,478
13,Arizona,26,17,9,.654,15.02,8.18,,11,9,,12,4,,5,5,,1961,1783,,1050,667,1492,.447,174,468,.372,453,623,.727,305,997,403,152,104,309,463
14,Little Rock,26,11,15,.423,-6.36,-5.40,,7,11,,7,4,,2,8,,1786,1782,,1050,638,1401,.455,147,472,.311,363,517,.702,261,898,354,165,86,392,419
15,Arkansas-Pine Bluff,25,4,21,.160,-22.67,-7.79,,3,12,,2,3,,2,17,,1549,1921,,1010,524,1356,.386,123,400,.308,378,523,.723,240,807,240,160,95,394,455
16,Arkansas State,24,11,13,.458,-7.97,-5.87,,7,8,,9,3,,1,9,,1741,1667,,965,621,1390,.447,154,402,.383,345,478,.722,265,892,347,158,68,313,385
17,Arkansas,32,25,7,.781,17.80,7.18,,13,4,,16,1,,5,4,,2604,2264,,1285,935,2071,.451,233,702,.332,501,677,.740,378,1271,466,251,158,412,540
18,Army,22,12,10,.545,0.06,0.63,,7,7,,5,5,,5,3,,1578,1529,,885,587,1286,.456,172,527,.326,232,364,.637,178,761,316,138,32,275,342
19,Auburn,27,13,14,.481,10.02,9.28,,7,11,,8,5,,3,8,,2084,2064,,1090,711,1628,.437,245,751,.326,417,589,.708,348,1063,400,168,163,438,482
20,Austin Peay,27,14,13,.519,-6.66,-8.22,,10,10,,8,5,,4,6,,2007,1890,,1090,733,1617,.453,194,573,.339,347,462,.751,341,931,357,183,54,397,472
21,Ball State,23,10,13,.435,-1.96,-1.22,,8,9,,7,4,,3,8,,1719,1736,,930,613,1384,.443,195,570,.342,298,397,.751,229,848,318,126,55,330,441
22,Baylor,30,28,2,.933,24.83,7.40,,13,1,,11,0,,7,1,,2487,1964,,1205,917,1886,.486,299,724,.413,354,500,.708,374,1079,507,267,111,345,513
23,Bellarmine,22,14,8,.636,-1.76,-5.56,,10,3,,6,4,,7,2,,1634,1456,,880,615,1211,.508,143,381,.375,261,345,.757,171,667,342,160,50,245,342
24,Belmont,30,26,4,.867,3.46,-8.71,,18,2,,11,1,,10,2,,2439,2074,,1205,894,1829,.489,271,787,.344,380,515,.738,264,1072,547,232,87,361,438
25,Binghamton,18,4,14,.222,-12.24,-5.35,,4,10,,1,9,,3,5,,1178,1302,,735,430,1039,.414,156,472,.331,162,241,.672,191,642,199,90,55,250,307
26,Boise State,28,19,9,.679,9.75,1.71,,14,6,,11,1,,6,6,,2122,1868,,1125,743,1634,.455,220,635,.346,416,566,.735,253,995,378,183,80,328,478
27,Boston College,20,4,16,.200,0.82,8.97,,2,11,,3,5,,0,7,,1427,1590,,805,500,1185,.422,180,546,.330,247,352,.702,183,665,230,144,77,274,324
28,Boston University,18,7,11,.389,-3.71,0.84,,6,10,,2,6,,5,5,,1249,1331,,720,451,1035,.436,125,393,.318,222,296,.750,181,636,190,97,56,225,305
29,Bowling Green State,26,14,12,.538,-0.17,-2.37,,10,8,,4,7,,10,3,,2015,1939,,1050,724,1732,.418,213,667,.319,354,481,.736,325,996,328,184,57,256,442
30,Bradley,28,12,16,.429,0.32,1.17,,6,12,,8,6,,2,9,,1948,1864,,1130,736,1636,.450,192,603,.318,284,393,.723,284,1033,382,144,100,346,455
31,Brigham Young,27,20,7,.741,15.19,7.23,,10,3,,11,2,,7,2,,2109,1853,,1095,776,1608,.483,236,633,.373,321,443,.725,255,1058,436,124,76,356,486
33,Bryant,22,15,7,.682,-1.37,-7.27,,10,4,,10,1,,5,5,,1843,1664,,880,638,1372,.465,208,546,.381,359,472,.761,224,876,336,152,78,333,365
34,Bucknell,12,5,7,.417,-7.78,-5.36,,4,6,,2,3,,3,4,,899,928,,480,311,683,.455,88,267,.330,189,248,.762,78,402,144,70,42,152,209
35,Buffalo,25,16,9,.640,6.50,-1.58,,12,5,,8,3,,5,3,,2034,1823,,1010,766,1662,.461,175,518,.338,327,487,.671,370,1094,397,199,103,347,442
36,Butler,25,10,15,.400,4.76,9.92,,8,12,,8,4,,1,9,,1588,1717,,1015,572,1393,.411,179,554,.323,265,410,.646,230,807,308,139,51,286,406
37,Cal Poly,24,4,20,.167,-13.69,-1.56,,1,15,,3,8,,0,11,,1475,1700,,965,519,1315,.395,157,491,.320,280,388,.722,187,778,298,149,84,333,447
38,Cal State Bakersfield,26,15,11,.577,-0.13,-2.38,,11,7,,9,2,,6,8,,1811,1665,,1045,684,1531,.447,146,414,.353,297,416,.714,348,959,365,167,78,338,499
39,Cal State Fullerton,16,6,10,.375,-6.32,-3.05,,5,9,,5,4,,1,5,,1232,1257,,645,430,951,.452,131,341,.384,241,326,.739,140,526,218,107,32,205,271
40,Cal State Northridge,22,9,13,.409,-8.69,-1.97,,5,9,,4,7,,4,4,,1586,1709,,885,560,1323,.423,170,503,.338,296,407,.727,208,730,293,140,47,261,383
41,California Baptist,23,13,10,.565,-5.25,-5.04,,6,6,,11,4,,2,5,,1820,1674,,925,634,1334,.475,215,547,.393,337,457,.737,221,853,403,116,57,310,454
42,UC Davis,18,10,8,.556,-5.83,-4.24,,7,5,,4,3,,4,3,,1295,1289,,735,449,1020,.440,102,315,.324,295,376,.785,160,571,195,135,50,261,359
43,UC Irvine,27,18,9,.667,3.46,-0.86,,13,4,,10,1,,6,6,,1950,1712,,1090,729,1615,.451,132,390,.338,360,474,.759,303,1069,319,204,108,350,450
44,UC Riverside,22,14,8,.636,4.12,-2.43,,10,5,,5,4,,7,3,,1544,1400,,890,572,1280,.447,201,542,.371,199,282,.706,189,799,308,116,51,264,384
45,UC San Diego,17,7,10,.412,-6.95,0.98,,4,10,,7,3,,0,7,,1214,1226,,685,447,973,.459,188,500,.376,132,207,.638,99,501,294,116,37,225,232
46,UC Santa Barbara,27,22,5,.815,7.80,-2.08,,15,3,,11,0,,8,4,,2051,1696,,1090,739,1534,.482,181,522,.347,392,522,.751,251,951,438,199,75,294,429
47,California,29,9,20,.310,4.89,9.75,,3,17,,6,8,,1,11,,1897,2008,,1160,661,1536,.430,204,622,.328,371,532,.697,235,917,346,126,65,370,516
48,Campbell,27,17,10,.630,-6.82,-7.34,,11,6,,9,3,,6,7,,1917,1840,,1095,699,1409,.496,195,520,.375,324,478,.678,165,767,387,165,61,327,459
49,Canisius,13,7,6,.538,-8.61,-7.84,,7,5,,3,1,,4,4,,915,925,,520,321,786,.408,97,327,.297,176,248,.710,130,450,165,73,45,156,234
50,Central Arkansas,24,5,19,.208,-14.86,-1.99,,4,12,,4,5,,1,14,,1701,1933,,960,606,1388,.437,170,468,.363,319,445,.717,246,889,322,121,64,419,433
51,Central Connecticut State,21,5,16,.238,-15.12,-6.27,,5,13,,3,6,,2,9,,1439,1625,,840,522,1230,.424,150,463,.324,245,348,.704,179,664,270,145,54,298,359
52,Central Florida,23,11,12,.478,5.94,8.15,,8,10,,6,3,,4,8,,1546,1597,,925,542,1262,.429,180,507,.355,282,387,.729,216,765,285,157,79,340,389
53,Central Michigan,23,7,16,.304,-12.34,-4.19,,3,13,,5,7,,2,9,,1766,1835,,920,631,1417,.445,152,462,.329,352,523,.673,241,833,246,188,67,307,396
54,Charleston Southern,21,3,18,.143,-16.72,-6.22,,2,15,,1,9,,2,8,,1375,1550,,845,480,1182,.406,160,506,.316,255,357,.714,214,778,218,129,81,346,385
55,Charlotte,25,9,16,.360,-5.68,-2.43,,5,11,,6,7,,3,8,,1587,1668,,1025,545,1261,.432,143,441,.324,354,484,.731,172,778,282,136,73,335,364
56,Chattanooga,26,18,8,.692,-1.54,-2.92,,9,7,,9,3,,9,4,,1888,1801,,1050,667,1522,.438,218,607,.359,336,429,.783,217,881,319,178,48,289,370
57,Chicago State,9,0,9,.000,-31.82,1.41,,0,0,,0,0,,0,7,,499,798,,360,180,497,.362,51,203,.251,88,126,.698,54,234,89,49,13,140,178
58,Cincinnati,23,12,11,.522,3.99,7.21,,8,6,,5,5,,5,5,,1585,1659,,920,566,1339,.423,163,524,.311,290,442,.656,245,832,344,155,87,336,435
59,The Citadel,25,13,12,.520,-6.07,-1.45,,5,11,,11,3,,1,8,,2019,1959,,1000,708,1566,.452,256,720,.356,347,495,.701,237,944,389,136,108,302,405
60,Clemson,24,16,8,.667,12.49,9.49,,10,6,,11,1,,2,5,,1558,1486,,965,562,1323,.425,198,574,.345,236,307,.769,206,783,319,146,69,303,374
61,Cleveland State,27,19,8,.704,-5.12,-4.82,,16,4,,9,2,,8,5,,1914,1922,,1105,701,1558,.450,172,535,.321,340,507,.671,284,934,371,188,69,348,524
62,Coastal Carolina,26,18,8,.692,-2.74,-7.60,,9,5,,12,1,,3,5,,2067,1773,,1050,732,1604,.456,221,618,.358,382,533,.717,352,1130,404,213,103,394,435
63,Colgate,16,14,2,.875,13.66,-1.90,,11,1,,8,1,,6,0,,1363,1114,,645,495,1005,.493,148,367,.403,225,311,.723,152,638,282,113,55,173,259
64,College of Charleston,19,9,10,.474,-4.96,-3.13,,6,4,,8,6,,1,3,,1341,1329,,780,481,1066,.451,158,422,.374,221,311,.711,156,623,201,100,53,197,324
65,Colorado State,28,20,8,.714,8.06,1.06,,14,4,,10,1,,6,4,,2072,1871,,1120,715,1536,.465,235,666,.353,407,514,.792,212,965,408,164,75,378,465
66,Colorado,32,23,9,.719,18.88,9.57,,14,6,,11,1,,6,6,,2340,2042,,1280,828,1815,.456,246,661,.372,438,535,.819,312,1113,436,167,88,364,526
68,Connecticut,23,15,8,.652,15.77,8.59,,11,6,,7,3,,6,3,,1650,1485,,925,602,1388,.434,155,463,.335,291,403,.722,311,879,297,142,121,268,432
69,Coppin State,22,9,13,.409,-12.37,-6.06,,8,4,,5,3,,4,9,,1602,1741,,880,529,1287,.411,193,636,.303,351,564,.622,164,796,286,188,71,348,394
71,Creighton,31,22,9,.710,16.28,8.54,,14,6,,11,3,,7,4,,2355,2115,,1250,878,1862,.472,293,811,.361,306,478,.640,259,1108,485,216,103,341,476
73,Davidson,22,13,9,.591,9.02,3.40,,7,4,,7,4,,4,2,,1579,1411,,885,573,1214,.472,216,594,.364,217,316,.687,197,758,332,113,57,236,327
74,Dayton,24,14,10,.583,6.31,4.35,,9,7,,8,3,,4,6,,1674,1627,,985,592,1239,.478,192,516,.372,298,418,.713,161,792,325,108,47,346,369
75,Delaware State,19,3,16,.158,-24.09,-6.33,,1,11,,3,6,,0,10,,1345,1629,,765,468,1183,.396,152,492,.309,257,357,.720,205,678,216,123,69,321,404
76,Delaware,15,7,8,.467,-5.19,-5.04,,5,4,,6,3,,1,4,,1013,1012,,600,347,793,.438,107,321,.333,212,297,.714,131,526,188,69,54,215,262
77,Denver,21,2,19,.095,-16.40,-5.80,,1,13,,2,10,,0,9,,1466,1662,,850,519,1171,.443,141,402,.351,287,398,.721,156,636,250,120,54,311,431
78,DePaul,19,5,14,.263,2.67,8.83,,2,13,,2,8,,2,5,,1250,1367,,770,481,1154,.417,103,327,.315,185,273,.678,229,717,217,130,74,300,374
79,Detroit Mercy,22,12,10,.545,-3.66,-6.21,,10,6,,7,5,,5,5,,1683,1627,,885,598,1290,.464,225,575,.391,262,326,.804,197,719,315,150,54,253,314
80,Dixie State,21,8,13,.381,-14.01,-3.43,,4,10,,5,7,,3,6,,1461,1603,,840,514,1227,.419,128,418,.306,305,427,.714,200,740,321,143,43,320,439
81,Drake,31,26,5,.839,9.42,-0.48,,15,3,,14,1,,9,2,,2354,1999,,1250,908,1878,.483,218,594,.367,320,449,.713,317,1120,423,216,92,320,487
82,Drexel,20,12,8,.600,-0.97,-3.92,,4,5,,3,2,,4,5,,1407,1348,,800,514,1100,.467,145,391,.371,234,300,.780,174,677,298,91,48,256,298
83,Duke,24,13,11,.542,13.04,8.33,,9,9,,8,5,,3,6,,1824,1711,,970,692,1479,.468,201,571,.352,239,346,.691,269,851,390,197,109,307,410
84,Duquesne,18,9,9,.500,2.32,2.49,,7,7,,5,2,,2,5,,1205,1208,,720,438,1040,.421,115,385,.299,214,329,.650,205,654,241,121,80,240,310
85,East Carolina,19,8,11,.421,1.00,3.83,,2,10,,7,6,,1,4,,1269,1291,,765,449,1094,.410,109,359,.304,262,362,.724,189,653,303,117,59,240,325
86,East Tennessee State,25,13,12,.520,1.65,0.30,,8,7,,8,4,,3,5,,1736,1654,,1005,620,1416,.438,201,575,.350,295,423,.697,253,897,295,184,63,339,431
87,Eastern Illinois,27,9,18,.333,-12.71,-7.19,,6,14,,5,7,,4,11,,1874,2023,,1095,707,1623,.436,186,574,.324,274,417,.657,285,944,360,193,88,383,435
88,Eastern Kentucky,29,22,7,.759,-2.68,-8.24,,15,5,,10,2,,9,4,,2372,2137,,1180,871,1946,.448,279,778,.359,351,497,.706,306,1033,461,299,103,373,533
89,Eastern Michigan,18,6,12,.333,-14.23,-1.23,,3,11,,5,4,,1,8,,1267,1362,,720,448,1077,.416,128,411,.311,243,326,.745,169,594,198,159,43,221,274
90,Eastern Washington,24,16,8,.667,4.03,-3.15,,12,3,,7,2,,6,5,,1879,1690,,960,667,1425,.468,204,574,.355,341,431,.791,178,848,365,115,70,277,407
91,Elon,19,10,9,.526,-5.32,-4.43,,4,7,,4,2,,3,6,,1249,1235,,760,449,1083,.415,154,474,.325,197,266,.741,166,652,206,108,39,219,359
92,Evansville,25,9,16,.360,-4.85,-0.01,,7,11,,8,4,,1,10,,1619,1740,,1015,571,1299,.440,240,637,.377,237,330,.718,149,670,291,122,56,274,377
93,Fairfield,27,10,17,.370,-11.46,-6.57,,7,11,,4,8,,3,8,,1668,1800,,1090,580,1456,.398,163,517,.315,345,496,.696,265,949,271,125,62,349,480
94,Fairleigh Dickinson,24,9,15,.375,-10.17,-6.46,,8,10,,4,6,,5,9,,1801,1890,,970,645,1432,.450,194,517,.375,317,445,.712,244,813,287,182,93,340,439
95,Florida A&M,20,8,12,.400,-12.35,-9.55,,7,5,,4,1,,4,10,,1314,1370,,800,500,1126,.444,95,303,.314,219,336,.652,206,705,265,130,50,338,364
96,Florida Atlantic,23,13,10,.565,-2.05,-4.94,,7,5,,7,1,,4,7,,1796,1537,,925,652,1409,.463,223,587,.380,269,407,.661,287,929,335,175,63,318,415
97,Florida Gulf Coast,18,10,8,.556,-9.63,-7.13,,4,5,,7,4,,2,2,,1292,1242,,720,483,1126,.429,146,499,.293,180,271,.664,206,700,246,134,77,265,280
98,Florida International,26,9,17,.346,-11.20,-3.24,,2,15,,7,8,,2,9,,1914,1985,,1055,690,1604,.430,273,816,.335,261,392,.666,252,847,390,219,105,380,463
99,Florida State,25,18,7,.720,17.12,9.16,,11,4,,12,1,,3,4,,1929,1730,,1010,693,1461,.474,192,510,.376,351,474,.741,272,918,363,182,127,359,459
100,Florida,25,15,10,.600,13.70,9.82,,9,7,,6,3,,5,5,,1854,1757,,1005,663,1407,.471,169,475,.356,359,477,.753,245,882,293,180,131,375,464
101,Fordham,14,2,12,.143,-11.69,3.09,,2,11,,2,5,,0,6,,725,932,,560,257,716,.359,79,294,.269,132,197,.670,95,415,153,87,28,187,221
102,Fresno State,24,12,12,.500,-3.57,0.07,,9,11,,7,5,,4,6,,1591,1618,,965,552,1289,.428,164,499,.329,323,485,.666,257,853,249,158,70,344,427
103,Furman,25,16,9,.640,5.99,-1.69,,10,5,,11,1,,5,7,,1990,1723,,1005,730,1499,.487,242,708,.342,288,398,.724,223,879,416,205,84,313,428
104,Gardner-Webb,26,11,15,.423,-3.87,-6.14,,10,10,,7,4,,4,11,,1837,1778,,1040,651,1465,.444,232,643,.361,303,439,.690,239,895,339,153,125,304,492
105,George Mason,22,13,9,.591,1.91,0.48,,8,6,,7,3,,3,4,,1569,1538,,905,578,1347,.429,160,487,.329,253,394,.642,254,834,287,159,95,282,353
106,George Washington,17,5,12,.294,-5.75,-1.57,,3,5,,3,6,,1,5,,1158,1229,,685,411,928,.443,102,315,.324,234,335,.699,136,582,194,107,46,233,247
107,Georgetown,26,13,13,.500,10.13,10.36,,7,9,,7,6,,2,6,,1857,1863,,1045,644,1521,.423,216,592,.365,353,469,.753,298,1034,333,153,101,395,413
108,Georgia Southern,26,13,13,.500,-10.22,-6.26,,7,9,,9,4,,4,8,,1860,1762,,1070,686,1536,.447,194,608,.319,294,463,.635,306,964,324,210,101,374,444
109,Georgia State,22,16,6,.727,-1.70,-4.60,,8,4,,9,1,,5,4,,1767,1599,,900,649,1386,.468,178,497,.358,291,425,.685,250,826,369,157,97,255,365
110,Georgia Tech,26,17,9,.654,12.79,7.91,,11,6,,11,3,,4,5,,1948,1821,,1065,722,1514,.477,192,551,.348,312,430,.726,205,787,412,236,90,290,410
111,Georgia,26,14,12,.538,6.62,8.02,,7,11,,12,5,,2,6,,2014,2027,,1045,734,1603,.458,165,509,.324,381,553,.689,318,973,389,220,64,433,484
112,Gonzaga,32,31,1,.969,27.20,5.92,,15,0,,12,0,,7,0,,2911,2230,,1285,1079,1965,.549,240,652,.368,513,703,.730,289,1189,601,254,90,385,521
113,Grambling,24,12,12,.500,-14.27,-12.49,,9,6,,6,4,,5,7,,1617,1649,,965,562,1313,.428,125,377,.332,368,553,.665,207,827,337,195,73,371,433
114,Grand Canyon,24,17,7,.708,5.11,-3.46,,9,3,,10,3,,5,1,,1812,1491,,960,676,1384,.488,163,496,.329,297,434,.684,254,958,390,116,72,308,412
115,Green Bay,25,8,17,.320,-10.15,-5.23,,8,12,,6,6,,2,11,,1790,1913,,1030,656,1507,.435,170,511,.333,308,411,.749,228,817,352,138,90,269,405
116,Hampton,25,11,14,.440,-13.67,-9.27,,9,9,,5,7,,6,7,,1721,1831,,1000,619,1437,.431,185,557,.332,298,411,.725,196,844,292,152,149,318,426
117,Hartford,24,15,9,.625,-3.45,-4.95,,8,6,,10,1,,5,6,,1570,1534,,960,562,1305,.431,179,554,.323,267,373,.716,191,798,264,166,54,315,386
119,Hawaii,21,11,10,.524,-2.98,-2.72,,9,9,,7,5,,4,4,,1503,1452,,855,534,1208,.442,164,456,.360,271,376,.721,217,752,246,119,32,291,350
120,High Point,24,9,15,.375,-10.78,-7.58,,6,11,,5,5,,4,10,,1600,1677,,965,564,1357,.416,115,396,.290,357,520,.687,279,852,292,157,91,303,428
121,Hofstra,23,13,10,.565,-2.77,-2.94,,8,6,,7,3,,5,6,,1683,1679,,925,595,1342,.443,174,527,.330,317,443,.716,241,816,293,152,68,279,368
122,Holy Cross,16,5,11,.313,-4.99,0.45,,5,11,,2,7,,3,4,,1130,1217,,645,423,952,.444,111,314,.354,173,248,.698,150,523,193,110,63,206,305
123,Houston Baptist,25,6,19,.240,-16.72,-5.72,,4,11,,4,6,,1,12,,1776,2007,,1005,635,1485,.428,202,588,.344,304,415,.733,228,849,354,176,92,418,424
124,Houston,32,28,4,.875,21.66,5.37,,14,3,,15,0,,5,3,,2434,1863,,1280,854,1961,.435,291,823,.354,435,595,.731,458,1296,446,255,149,341,575
125,Howard,5,1,4,.200,-14.26,-2.51,,0,0,,1,1,,0,0,,363,424,,200,123,283,.435,38,123,.309,79,110,.718,41,177,74,26,25,72,89
126,Idaho State,24,13,11,.542,-8.39,-5.71,,8,6,,8,3,,5,5,,1637,1481,,970,559,1261,.443,166,499,.333,353,496,.712,243,861,273,108,83,357,442
127,Idaho,22,1,21,.045,-18.32,-2.91,,1,17,,1,9,,0,11,,1343,1682,,890,489,1133,.432,122,358,.341,243,335,.725,152,657,266,109,43,360,416
128,Illinois-Chicago,22,9,13,.409,-12.06,-7.42,,6,10,,7,4,,2,9,,1489,1591,,890,558,1301,.429,178,544,.327,195,296,.659,183,766,297,81,68,291,409
129,Illinois State,25,7,18,.280,-5.45,0.38,,4,14,,3,8,,3,9,,1799,1870,,1015,679,1477,.460,195,566,.345,246,372,.661,206,881,345,150,84,345,411
130,Illinois,31,24,7,.774,23.25,11.34,,16,4,,11,2,,9,3,,2497,2128,,1255,909,1819,.500,203,544,.373,476,690,.690,322,1239,506,176,87,404,549
131,Incarnate Word,22,8,14,.364,-15.91,-8.33,,5,9,,5,7,,3,6,,1495,1578,,885,524,1178,.445,168,449,.374,279,397,.703,171,685,269,118,41,308,396
132,Indiana State,25,15,10,.600,2.04,1.91,,11,7,,9,3,,5,6,,1662,1645,,1000,580,1338,.433,149,446,.334,353,481,.734,207,796,267,164,73,302,373
133,Indiana,27,12,15,.444,12.79,12.45,,7,12,,6,6,,3,7,,1882,1873,,1115,654,1510,.433,158,488,.324,416,626,.665,242,933,376,155,101,322,479
134,Iona,18,12,6,.667,-1.20,-6.42,,6,3,,4,2,,4,3,,1283,1189,,720,446,1010,.442,132,381,.346,259,348,.744,194,663,245,123,75,281,389
135,Iowa State,24,2,22,.083,-0.72,10.40,,0,18,,2,10,,0,11,,1574,1841,,960,591,1413,.418,175,546,.321,217,277,.783,206,758,278,156,75,357,447
136,Iowa,31,22,9,.710,21.40,10.43,,14,6,,14,2,,6,4,,2595,2255,,1245,923,1961,.471,301,780,.386,448,627,.715,346,1231,594,173,141,294,461
137,Purdue-Fort Wayne,23,8,15,.348,-12.15,-8.63,,6,14,,5,6,,3,9,,1728,1809,,955,631,1259,.501,204,510,.400,262,380,.689,177,721,328,156,64,393,413
138,IUPUI,18,8,10,.444,-11.65,-7.03,,7,9,,4,5,,4,5,,1281,1364,,720,452,1069,.423,143,416,.344,234,326,.718,168,608,239,124,40,250,340
139,Jackson State,18,12,6,.667,-11.27,-14.05,,11,0,,6,0,,5,5,,1181,1131,,730,397,1002,.396,100,294,.340,287,422,.680,187,661,190,147,59,277,348
140,Jacksonville State,27,18,9,.667,-3.02,-6.06,,13,6,,8,3,,7,5,,2005,1851,,1095,723,1568,.461,219,616,.356,340,496,.685,299,1048,383,135,94,360,413
141,Jacksonville,24,11,13,.458,-11.15,-6.74,,5,9,,7,5,,4,8,,1622,1668,,965,577,1320,.437,170,526,.323,298,449,.664,206,800,269,164,63,343,372
142,James Madison,20,13,7,.650,-0.11,-3.17,,8,2,,10,3,,3,3,,1562,1409,,800,543,1201,.452,166,486,.342,310,464,.668,220,747,276,149,41,243,375
143,Kansas State,29,9,20,.310,0.76,9.04,,4,14,,6,12,,2,7,,1792,2037,,1160,649,1577,.412,191,645,.296,303,456,.664,296,953,377,161,44,431,492
144,Kansas,30,21,9,.700,15.29,10.26,,12,6,,14,1,,4,6,,2191,2010,,1205,789,1809,.436,227,663,.342,386,539,.716,333,1124,415,207,119,359,460
145,Kennesaw State,24,5,19,.208,-14.15,-3.67,,2,13,,4,9,,0,9,,1571,1672,,960,571,1359,.420,164,526,.312,265,402,.659,215,815,260,138,60,341,429
146,Kent State,23,15,8,.652,1.74,-1.90,,12,6,,9,2,,6,5,,1764,1635,,925,635,1432,.443,185,567,.326,309,397,.778,289,900,330,156,75,312,391
147,Kentucky,25,9,16,.360,11.77,11.49,,8,9,,5,6,,4,7,,1761,1754,,1010,615,1476,.417,160,477,.335,371,509,.729,300,951,313,157,148,349,450
148,La Salle,25,9,16,.360,-3.57,2.85,,6,11,,6,3,,3,11,,1702,1838,,1005,633,1453,.436,195,573,.340,241,352,.685,234,829,318,186,83,361,431
149,Lafayette,15,9,6,.600,-5.38,-6.38,,9,5,,6,3,,3,3,,1165,1150,,620,405,928,.436,129,358,.360,226,281,.804,133,525,243,94,51,163,280
150,Lamar,28,10,18,.357,-13.10,-6.57,,7,10,,5,5,,3,11,,1843,2026,,1130,670,1608,.417,139,445,.312,364,496,.734,269,967,332,200,118,396,466
151,Lehigh,15,4,11,.267,-12.85,-4.58,,4,10,,1,5,,3,6,,1025,1149,,605,388,901,.431,73,231,.316,176,251,.701,137,521,191,90,32,196,268
152,Liberty,29,23,6,.793,4.06,-6.14,,11,2,,13,0,,5,3,,2157,1739,,1160,782,1605,.487,297,761,.390,296,381,.777,202,971,458,135,71,289,429
153,Lipscomb,27,15,12,.556,-7.07,-5.63,,9,6,,10,4,,4,7,,1922,1848,,1085,687,1493,.460,200,569,.351,348,503,.692,208,918,364,167,53,326,376
154,Cal State Long Beach,18,6,12,.333,-8.50,-2.83,,4,8,,4,3,,1,8,,1328,1430,,740,466,1047,.445,127,354,.359,269,395,.681,147,630,210,112,52,288,349
155,Long Island University,18,9,9,.500,-7.76,-8.82,,9,9,,6,3,,3,6,,1332,1313,,720,479,1155,.415,134,467,.287,240,360,.667,240,705,293,152,69,259,315
156,Longwood,29,12,17,.414,-7.93,-6.40,,10,10,,8,5,,4,11,,1920,1966,,1160,685,1579,.434,207,600,.345,343,498,.689,273,954,309,177,52,381,499
157,Louisiana,26,17,9,.654,-4.84,-5.50,,10,7,,10,3,,6,4,,1934,1892,,1050,713,1607,.444,185,532,.348,323,463,.698,317,1027,332,145,122,388,457
158,Louisiana-Monroe,26,7,19,.269,-10.59,-5.90,,5,13,,5,8,,2,10,,1670,1792,,1045,609,1464,.416,194,571,.340,258,367,.703,205,791,355,193,74,338,433
159,Louisiana State,29,19,10,.655,15.70,9.14,,11,6,,11,2,,4,6,,2371,2181,,1165,836,1823,.459,234,674,.347,465,619,.751,330,1113,351,225,85,329,505
160,Louisiana Tech,32,24,8,.750,6.63,-0.21,,12,4,,15,1,,5,5,,2339,2094,,1280,832,1870,.445,240,698,.344,435,639,.681,323,1224,418,217,93,411,497
161,Louisville,20,13,7,.650,10.35,8.90,,8,5,,9,2,,4,4,,1359,1330,,805,494,1146,.431,107,347,.308,264,368,.717,225,764,221,96,37,229,338
162,Loyola (IL),31,26,5,.839,15.12,1.37,,16,2,,13,0,,8,3,,2202,1738,,1250,804,1614,.498,221,606,.365,373,519,.719,230,1008,490,215,75,364,444
163,Loyola Marymount,22,13,9,.591,5.55,4.05,,7,5,,8,3,,4,5,,1529,1496,,885,525,1147,.458,135,400,.338,344,474,.726,215,772,280,103,58,351,417
164,Loyola (MD),17,6,11,.353,-2.29,-3.47,,4,10,,3,4,,3,7,,1226,1206,,710,461,992,.465,92,301,.306,212,351,.604,191,639,221,116,54,245,308
165,Maine,9,2,7,.222,-15.66,-4.21,,2,6,,1,1,,1,6,,478,581,,360,172,452,.381,64,203,.315,70,123,.569,69,281,108,51,40,147,161
166,Manhattan,20,7,13,.350,-12.20,-8.35,,6,12,,4,6,,3,6,,1268,1345,,825,439,1165,.377,115,435,.264,275,413,.666,253,724,237,154,74,288,453
167,Marist,21,12,9,.571,-8.99,-8.80,,10,8,,6,3,,6,5,,1332,1336,,850,475,1113,.427,142,458,.310,240,351,.684,158,736,229,114,84,303,370
168,Marquette,27,13,14,.481,8.51,8.58,,8,11,,7,7,,6,6,,1883,1885,,1085,661,1484,.445,179,555,.323,382,520,.735,258,979,333,137,100,388,465
169,Marshall,22,15,7,.682,5.70,-1.66,,9,5,,9,3,,6,3,,1758,1596,,885,656,1382,.475,204,567,.360,242,334,.725,183,778,349,172,114,263,333
170,Maryland-Baltimore County,20,14,6,.700,-1.05,-5.70,,10,4,,5,4,,9,2,,1391,1298,,800,483,1099,.439,139,408,.341,286,402,.711,175,730,219,102,35,258,336
172,Maryland,31,17,14,.548,13.94,11.97,,9,11,,11,6,,4,6,,2135,2034,,1240,753,1636,.460,253,708,.357,376,538,.699,195,1013,415,155,103,343,455
173,Massachusetts-Lowell,23,11,12,.478,-6.05,-3.61,,7,8,,3,4,,6,6,,1575,1631,,920,560,1240,.452,150,433,.346,305,461,.662,201,794,267,115,89,334,469
174,Massachusetts,15,8,7,.533,4.77,1.03,,6,4,,4,3,,3,3,,1151,1095,,615,394,920,.428,132,405,.326,231,315,.733,136,517,224,110,61,181,261
175,McNeese State,24,10,14,.417,-18.34,-11.46,,4,11,,7,5,,3,8,,1927,1722,,960,718,1456,.493,204,526,.388,287,417,.688,255,896,443,172,49,359,410
176,Memphis,28,20,8,.714,13.81,4.13,,11,4,,10,1,,4,3,,2027,1756,,1120,737,1661,.444,218,600,.363,335,543,.617,339,1121,447,248,136,437,531
177,Mercer,29,18,11,.621,1.28,-1.60,,8,9,,9,4,,6,6,,2225,2082,,1180,832,1738,.479,250,673,.371,311,433,.718,252,1053,479,200,86,373,445
178,Merrimack,18,9,9,.500,-9.06,-8.67,,9,9,,6,3,,3,6,,1193,1200,,725,434,967,.449,126,398,.317,199,300,.663,124,556,216,144,68,245,305
179,Miami (FL),27,10,17,.370,3.23,7.75,,4,15,,7,8,,1,8,,1794,1916,,1085,647,1524,.425,150,508,.295,350,500,.700,257,944,305,179,104,340,333
180,Miami (OH),23,12,11,.522,-2.67,-2.72,,9,8,,7,4,,5,6,,1663,1647,,925,598,1369,.437,197,540,.365,270,348,.776,226,798,278,102,59,248,388
181,Michigan State,28,15,13,.536,9.80,11.48,,9,11,,12,3,,3,8,,1944,1991,,1125,697,1635,.426,178,555,.321,372,512,.727,304,1048,444,125,132,364,554
182,Michigan,28,23,5,.821,22.00,11.25,,14,3,,13,1,,6,2,,2123,1822,,1125,771,1598,.482,206,541,.381,373,485,.769,250,1049,443,120,117,315,412
183,Middle Tennessee,23,5,18,.217,-10.78,-0.78,,3,13,,5,6,,0,9,,1426,1627,,920,511,1323,.386,171,528,.324,233,341,.683,223,768,229,164,52,345,372
184,Milwaukee,22,10,12,.455,-7.71,-6.98,,7,10,,4,5,,6,6,,1662,1678,,900,588,1348,.436,159,484,.329,327,447,.732,197,770,285,134,47,244,405
185,Minnesota,29,14,15,.483,11.04,11.73,,6,14,,13,4,,0,10,,2103,2123,,1175,704,1794,.392,207,730,.284,488,659,.741,340,1067,399,183,134,324,538
186,Mississippi State,33,18,15,.545,9.24,6.79,,8,10,,9,6,,5,4,,2287,2206,,1340,847,1866,.454,179,522,.343,414,629,.658,400,1287,428,207,149,498,512
187,Mississippi Valley State,24,2,22,.083,-38.17,-7.63,,2,13,,1,5,,1,16,,1364,2097,,960,480,1347,.356,214,651,.329,190,332,.572,168,749,264,110,71,430,428
188,Mississippi,28,16,12,.571,11.18,6.00,,10,8,,10,4,,5,6,,1927,1782,,1125,700,1587,.441,146,486,.300,381,543,.702,338,1024,342,211,109,392,481
189,Kansas City,24,11,13,.458,-4.92,-2.67,,7,7,,8,3,,2,8,,1683,1502,,960,642,1292,.497,149,407,.366,250,379,.660,175,730,355,190,50,300,524
190,Missouri State,24,17,7,.708,5.16,-0.02,,12,6,,9,4,,7,2,,1762,1594,,960,637,1332,.478,180,515,.350,308,415,.742,188,887,325,112,69,305,369
191,Missouri,26,16,10,.615,12.37,10.87,,8,8,,8,4,,6,4,,1909,1870,,1050,668,1497,.446,184,567,.325,389,555,.701,255,928,345,173,92,346,512
192,Monmouth,20,12,8,.600,-5.88,-7.63,,12,6,,7,2,,5,5,,1521,1486,,815,518,1226,.423,154,424,.363,331,468,.707,198,749,280,166,70,268,415
193,Montana State,23,13,10,.565,-5.62,-4.62,,8,6,,5,3,,6,6,,1703,1655,,935,586,1298,.451,142,431,.329,389,515,.755,198,777,254,129,52,288,431
194,Montana,28,15,13,.536,-3.65,-1.57,,7,9,,8,4,,5,8,,1981,1876,,1135,697,1514,.460,154,425,.362,433,554,.782,214,927,356,137,72,371,552
195,Morehead State,31,23,8,.742,-0.95,-4.33,,17,3,,12,1,,8,5,,2132,1986,,1250,765,1651,.463,205,579,.354,397,584,.680,316,1155,397,136,155,477,446
196,Morgan State,22,14,8,.636,-6.55,-11.24,,7,5,,5,5,,7,2,,1755,1606,,880,602,1389,.433,182,530,.343,369,499,.739,296,873,326,173,82,344,455
197,Mount St. Mary's,23,12,11,.522,-5.67,-6.67,,9,7,,6,3,,6,6,,1454,1431,,930,527,1241,.425,152,455,.334,248,370,.670,241,858,266,98,98,297,340
198,Murray State,26,13,13,.500,-2.86,-8.20,,10,10,,9,4,,4,8,,1986,1739,,1045,757,1522,.497,212,576,.368,260,387,.672,239,939,435,175,91,347,432
199,Navy,18,15,3,.833,1.02,-3.48,,12,1,,8,2,,6,1,,1287,1206,,730,466,1042,.447,111,340,.326,244,344,.709,204,631,222,147,43,223,301
200,Omaha,25,5,20,.200,-12.73,-2.09,,3,11,,1,5,,3,12,,1683,1949,,1000,625,1494,.418,133,397,.335,300,436,.688,212,853,236,141,75,327,471
201,Nebraska,27,7,20,.259,6.08,12.28,,3,16,,6,9,,1,10,,1889,2004,,1085,671,1604,.418,228,684,.333,319,499,.639,240,979,369,193,88,380,473
202,Nevada-Las Vegas,27,12,15,.444,-1.48,1.01,,8,10,,8,4,,3,7,,1875,1822,,1080,706,1587,.445,225,639,.352,238,336,.708,277,973,356,172,76,338,488
203,Nevada,26,16,10,.615,5.40,2.12,,8,7,,10,2,,2,7,,1916,1812,,1040,646,1445,.447,201,567,.354,423,560,.755,213,928,374,145,77,330,519
204,New Hampshire,19,10,9,.526,-8.20,-6.70,,9,6,,5,6,,5,3,,1278,1266,,765,452,1124,.402,129,405,.319,245,358,.684,205,706,213,104,55,209,344
205,New Mexico State,20,12,8,.600,-1.21,-5.09,,7,6,,4,2,,5,5,,1422,1283,,800,492,1156,.426,175,553,.316,263,361,.729,235,722,249,100,48,243,359
206,New Mexico,22,6,16,.273,-12.38,-1.73,,1,8,,0,0,,3,8,,1436,1578,,890,538,1303,.413,105,382,.275,255,426,.599,291,839,277,126,87,328,397
207,New Orleans,25,10,15,.400,-10.91,-9.74,,8,7,,6,3,,2,10,,1899,1910,,1010,703,1476,.476,137,417,.329,356,483,.737,245,880,391,190,70,421,522
208,Niagara,20,9,11,.450,-7.54,-6.99,,7,9,,5,3,,3,7,,1293,1304,,800,448,1099,.408,128,409,.313,269,380,.708,163,631,236,117,39,199,340
209,Nicholls State,25,18,7,.720,-5.21,-8.71,,14,2,,8,1,,7,5,,1960,1831,,1010,734,1611,.456,194,605,.321,298,446,.668,273,952,336,228,83,326,462
210,NJIT,19,7,12,.368,-9.75,-5.70,,6,10,,3,5,,4,6,,1256,1333,,770,440,1088,.404,119,390,.305,257,372,.691,168,596,181,127,42,212,336
211,Norfolk State,25,17,8,.680,-6.16,-8.51,,8,4,,7,4,,6,3,,1839,1742,,1005,630,1477,.427,194,528,.367,385,546,.705,248,907,302,163,80,322,481
212,North Alabama,24,13,11,.542,-10.05,-6.30,,7,8,,8,4,,3,6,,1756,1666,,970,624,1457,.428,192,569,.337,316,424,.745,263,936,272,141,77,332,423
213,UNC Asheville,20,10,10,.500,-6.99,-7.59,,9,5,,6,4,,4,6,,1468,1456,,815,548,1152,.476,161,450,.358,211,348,.606,186,669,254,140,87,301,368
214,North Carolina A&T,21,11,10,.524,-14.27,-8.06,,7,1,,5,4,,5,6,,1517,1523,,845,536,1273,.421,137,429,.319,308,468,.658,228,736,285,183,56,294,367
215,North Carolina Central,14,5,9,.357,-15.99,-8.76,,3,5,,4,2,,0,6,,942,1003,,565,333,791,.421,95,280,.339,181,261,.693,130,458,169,102,39,205,293
216,UNC Greensboro,30,21,9,.700,3.48,-2.15,,13,5,,7,3,,10,3,,2189,2020,,1205,822,1954,.421,228,763,.299,317,464,.683,377,1174,370,224,115,329,542
217,NC State,25,14,11,.560,9.60,6.48,,9,8,,7,4,,5,5,,1820,1742,,1005,671,1425,.471,167,464,.360,311,443,.702,245,814,328,202,106,321,400
218,UNC Wilmington,17,7,10,.412,-6.84,-6.47,,1,6,,3,4,,3,4,,1297,1253,,685,442,1011,.437,128,371,.345,285,372,.766,162,548,206,103,60,190,306
219,North Carolina,29,18,11,.621,14.79,9.52,,10,6,,10,1,,3,7,,2181,2028,,1160,801,1826,.439,162,509,.318,417,624,.668,454,1242,443,204,137,423,486
220,North Dakota State,27,15,12,.556,-0.65,-2.72,,11,5,,6,2,,5,7,,1883,1827,,1085,659,1491,.442,184,540,.341,381,501,.760,256,998,285,105,69,338,430
221,North Dakota,26,9,17,.346,-10.35,-3.35,,8,8,,5,3,,3,11,,1787,1969,,1055,623,1454,.428,190,564,.337,351,503,.698,214,844,306,134,55,340,448
222,North Florida,23,8,15,.348,-11.48,-4.62,,6,6,,5,3,,3,10,,1601,1725,,920,570,1282,.445,229,625,.366,232,325,.714,204,750,297,102,76,344,386
223,North Texas,28,18,10,.643,7.58,1.02,,9,5,,8,3,,5,6,,1954,1745,,1130,717,1516,.473,214,571,.375,306,411,.745,238,927,373,182,81,360,440
224,Northeastern,19,10,9,.526,-1.09,0.02,,8,2,,5,1,,4,7,,1277,1298,,765,457,1044,.438,162,458,.354,201,271,.742,126,623,234,119,44,257,299
225,Northern Arizona,22,6,16,.273,-12.97,-1.61,,4,10,,1,7,,4,7,,1390,1640,,885,505,1197,.422,139,397,.350,241,364,.662,178,628,238,120,34,259,395
226,Northern Colorado,22,11,11,.500,-6.70,-4.22,,6,8,,6,5,,4,5,,1551,1519,,885,549,1221,.450,199,528,.377,254,381,.667,175,758,242,95,59,309,397
227,Northern Illinois,19,3,16,.158,-17.90,-2.80,,2,12,,2,7,,1,9,,1184,1471,,765,456,1143,.399,104,321,.324,168,273,.615,243,684,204,110,65,261,342
228,Northern Iowa,25,10,15,.400,-1.75,2.43,,7,11,,6,5,,3,7,,1738,1779,,1010,647,1461,.443,186,572,.325,258,378,.683,229,890,329,161,64,326,380
229,Northern Kentucky,25,14,11,.560,-6.78,-6.90,,11,7,,9,4,,5,6,,1784,1781,,1015,658,1477,.445,179,584,.307,289,410,.705,305,872,295,161,41,312,417
230,Northwestern State,29,11,18,.379,-13.48,-4.94,,9,7,,6,4,,4,12,,2106,2312,,1170,770,1788,.431,210,603,.348,356,530,.672,297,1031,376,202,85,419,544
231,Northwestern,24,9,15,.375,9.71,11.76,,6,13,,7,6,,2,8,,1686,1681,,970,607,1401,.433,200,566,.353,272,379,.718,180,808,352,148,63,284,424
232,Notre Dame,26,11,15,.423,7.73,9.38,,7,11,,6,5,,4,8,,1890,1933,,1040,679,1479,.459,236,642,.368,296,383,.773,187,868,387,111,102,275,334
233,Oakland,30,12,18,.400,-9.33,-2.80,,10,10,,5,4,,6,11,,2240,2436,,1240,773,1855,.417,259,778,.333,435,616,.706,346,1054,444,248,56,390,441
234,Ohio State,31,21,10,.677,18.25,12.19,,12,8,,10,4,,7,4,,2392,2204,,1255,819,1786,.459,252,700,.360,502,664,.756,302,1135,406,140,108,329,571
235,Ohio,25,17,8,.680,5.48,-0.57,,9,5,,8,3,,4,4,,1980,1815,,1000,728,1519,.479,209,593,.352,315,448,.703,240,883,437,161,52,301,396
236,Oklahoma State,30,21,9,.700,13.65,9.78,,11,7,,10,3,,8,4,,2297,2181,,1225,816,1780,.458,190,573,.332,475,669,.710,332,1150,385,224,132,467,516
237,Oklahoma,27,16,11,.593,13.52,8.86,,9,8,,10,3,,4,7,,2012,1886,,1095,722,1630,.443,212,622,.341,356,478,.745,259,965,359,193,98,296,398
238,Old Dominion,23,15,8,.652,-1.10,-0.87,,11,5,,9,1,,6,6,,1571,1556,,925,586,1308,.448,113,392,.288,286,413,.692,224,826,278,172,86,291,365
239,Oral Roberts,29,18,11,.621,1.73,-0.04,,10,5,,8,3,,5,7,,2352,2192,,1165,811,1805,.449,323,850,.380,407,496,.821,237,1006,370,191,111,330,502
240,Oregon State,33,20,13,.606,11.48,10.82,,10,10,,10,6,,4,6,,2325,2232,,1330,803,1842,.436,230,645,.357,489,642,.762,334,1133,480,191,116,383,620
241,Oregon,29,21,7,.750,16.15,9.65,,14,4,,11,2,,7,2,,2097,1915,,1160,779,1652,.472,234,621,.377,305,429,.711,263,926,389,208,103,319,434
242,Pacific,18,9,9,.500,2.64,5.23,,6,7,,6,2,,3,6,,1256,1272,,735,479,1093,.438,93,311,.299,205,302,.679,182,622,233,116,61,215,335
243,Penn State,25,11,14,.440,13.53,13.89,,7,12,,7,5,,3,8,,1816,1825,,1010,637,1562,.408,221,654,.338,321,435,.738,305,913,335,198,59,286,446
245,Pepperdine,27,15,12,.556,5.65,5.01,,7,6,,7,5,,3,5,,2076,1988,,1100,744,1608,.463,187,573,.326,401,511,.785,218,949,440,175,87,354,513
246,Pittsburgh,22,10,12,.455,7.80,6.75,,6,10,,7,6,,3,5,,1566,1543,,880,554,1283,.432,144,426,.338,314,473,.664,279,843,321,133,83,277,381
247,Portland State,22,9,13,.409,-6.33,-4.66,,6,8,,7,6,,2,6,,1512,1463,,885,532,1335,.399,152,517,.294,296,437,.677,287,832,247,182,66,305,443
248,Portland,21,6,15,.286,-12.58,5.08,,0,11,,5,8,,1,6,,1459,1748,,845,488,1187,.411,153,451,.339,330,426,.775,138,600,250,132,61,292,340
249,Prairie View,21,16,5,.762,-8.02,-15.07,,13,0,,8,0,,5,3,,1497,1349,,840,567,1265,.448,139,457,.304,224,342,.655,235,739,333,202,89,288,437
250,Presbyterian,22,7,15,.318,-13.96,-9.00,,5,12,,5,6,,2,9,,1411,1476,,885,499,1199,.416,128,418,.306,285,416,.685,248,739,235,154,49,334,440
252,Providence,26,13,13,.500,8.94,8.82,,9,10,,8,3,,4,7,,1816,1813,,1060,657,1529,.430,164,513,.320,338,483,.700,275,928,350,147,78,306,441
253,Purdue,28,18,10,.643,15.55,11.23,,13,6,,11,1,,5,6,,1989,1868,,1130,714,1596,.447,201,603,.333,360,506,.711,312,1054,399,142,98,350,491
254,Quinnipiac,22,9,13,.409,-9.10,-7.60,,7,10,,8,5,,1,5,,1485,1518,,895,505,1258,.401,169,522,.324,306,445,.688,170,793,279,123,100,313,420
255,Radford,27,15,12,.556,-6.20,-6.60,,12,6,,9,5,,6,6,,1826,1745,,1100,644,1408,.457,158,504,.313,380,558,.681,297,1000,301,164,48,403,425
256,Rhode Island,25,10,15,.400,5.29,4.93,,7,10,,6,3,,2,9,,1786,1777,,1020,635,1436,.442,143,458,.312,373,558,.668,266,962,303,164,114,353,444
257,Rice,28,15,13,.536,-3.73,-1.49,,6,10,,9,3,,3,9,,2068,2062,,1120,731,1660,.440,286,800,.358,320,438,.731,264,1036,427,153,60,424,388
258,Richmond,23,14,9,.609,9.04,5.00,,6,5,,6,4,,5,3,,1717,1587,,920,624,1321,.472,173,484,.357,296,407,.727,154,692,327,204,49,241,356
259,Rider,23,6,17,.261,-12.24,-5.76,,5,13,,1,8,,4,8,,1553,1702,,925,564,1318,.428,145,411,.353,280,382,.733,206,765,284,117,47,291,431
260,Robert Morris,19,4,15,.211,-13.20,-5.53,,3,12,,3,6,,1,9,,1374,1494,,790,518,1169,.443,142,394,.360,196,299,.656,207,646,299,124,57,254,348
261,Rutgers,28,16,12,.571,14.14,12.50,,10,10,,10,4,,4,6,,1939,1893,,1125,741,1652,.449,172,551,.312,285,448,.636,272,988,384,213,144,321,490
262,Sacramento State,20,8,12,.400,-7.76,-3.65,,5,9,,5,3,,3,8,,1443,1442,,815,531,1157,.459,133,362,.367,248,365,.679,187,627,255,138,45,202,356
263,Sacred Heart,18,9,9,.500,-12.19,-7.47,,9,7,,4,3,,5,6,,1265,1350,,735,431,1046,.412,143,434,.329,260,351,.741,195,647,241,88,38,233,299
264,Saint Francis (PA),22,6,16,.273,-10.30,-5.80,,5,13,,4,6,,2,10,,1515,1614,,890,541,1266,.427,129,417,.309,304,426,.714,228,779,282,127,47,312,378
265,Saint Joseph's,20,5,15,.250,-4.56,5.89,,3,9,,3,3,,1,9,,1443,1652,,825,506,1238,.409,191,609,.314,240,331,.725,165,675,287,120,36,281,358
266,Saint Louis,21,14,7,.667,11.76,2.19,,6,4,,12,1,,1,4,,1575,1374,,840,586,1269,.462,137,394,.348,266,378,.704,259,806,369,155,69,255,358
267,Saint Mary's (CA),24,14,10,.583,8.05,6.43,,4,6,,9,3,,2,3,,1542,1503,,960,562,1331,.422,148,503,.294,270,368,.734,203,825,257,145,74,270,400
268,Saint Peter's,25,14,11,.560,-5.48,-7.20,,10,8,,8,3,,4,7,,1580,1537,,1000,555,1386,.400,154,477,.323,316,453,.698,275,926,292,201,133,371,500
269,Sam Houston State,28,19,9,.679,-3.29,-4.87,,13,3,,12,1,,7,6,,2229,1969,,1120,797,1758,.453,255,715,.357,380,549,.692,320,1033,435,237,88,402,565
270,Samford,19,6,13,.316,-8.93,-1.63,,2,9,,4,5,,2,7,,1460,1510,,775,541,1218,.444,151,484,.312,227,331,.686,222,755,283,129,47,308,397
271,San Diego State,28,23,5,.821,14.36,2.99,,14,3,,13,2,,6,2,,2062,1713,,1125,719,1596,.451,240,651,.369,384,534,.719,274,1003,390,229,78,310,515
272,San Diego,14,3,11,.214,-5.22,5.64,,2,7,,0,5,,3,5,,927,1079,,565,352,847,.416,82,270,.304,141,217,.650,112,469,185,94,48,185,252
273,San Francisco,25,11,14,.440,6.00,3.84,,4,9,,3,5,,4,6,,1786,1732,,1000,647,1515,.427,259,762,.340,233,324,.719,226,831,298,179,83,292,483
274,San Jose State,21,5,16,.238,-17.50,0.98,,2,12,,4,6,,0,8,,1381,1708,,840,493,1257,.392,157,494,.318,238,364,.654,173,722,213,99,57,265,349
275,Santa Clara,20,12,8,.600,-0.05,2.16,,4,5,,6,3,,4,3,,1393,1412,,800,486,1121,.434,110,359,.306,311,455,.684,164,729,240,88,78,260,357
276,Seattle,23,12,11,.522,-5.24,-3.51,,4,5,,6,3,,3,6,,1677,1578,,925,593,1426,.416,186,593,.314,305,416,.733,238,776,264,151,80,246,434
277,Seton Hall,27,14,13,.519,11.12,9.53,,10,9,,7,4,,6,7,,1924,1881,,1095,673,1525,.441,180,561,.321,398,544,.732,276,941,347,170,118,350,442
278,Siena,17,12,5,.706,-3.99,-8.58,,12,4,,6,2,,6,2,,1149,1071,,680,411,894,.460,108,314,.344,219,333,.658,152,594,215,94,56,219,264
279,South Alabama,28,17,11,.607,-6.03,-5.86,,10,7,,10,5,,6,5,,2075,1985,,1135,715,1621,.441,256,707,.362,389,542,.718,269,996,314,200,91,333,434
280,South Carolina State,18,1,17,.056,-24.90,-7.56,,1,7,,1,6,,0,11,,1102,1414,,720,401,1033,.388,123,388,.317,177,285,.621,175,563,178,106,50,312,334
281,South Carolina Upstate,23,5,18,.217,-13.70,-5.20,,5,11,,3,8,,2,10,,1515,1712,,920,538,1269,.424,171,508,.337,268,372,.720,186,717,276,143,57,325,426
282,South Carolina,21,6,15,.286,3.39,10.01,,4,12,,3,6,,2,7,,1523,1662,,840,566,1364,.415,142,466,.305,249,381,.654,268,755,280,176,77,313,401
283,South Dakota State,23,16,7,.696,3.27,-2.05,,9,3,,8,1,,4,2,,1850,1690,,920,655,1315,.498,185,458,.404,355,496,.716,178,822,327,127,71,283,370
284,South Dakota,25,14,11,.560,-1.25,-3.50,,11,4,,7,2,,5,4,,1899,1805,,1000,674,1438,.469,186,478,.389,365,468,.780,180,870,349,114,61,268,467
285,South Florida,22,9,13,.409,-0.02,6.27,,4,10,,4,6,,3,4,,1449,1571,,885,516,1277,.404,138,422,.327,279,438,.637,275,831,251,116,62,308,378
286,Southeast Missouri State,27,11,16,.407,-10.18,-7.51,,9,11,,7,6,,3,9,,1864,1936,,1110,630,1468,.429,205,582,.352,399,595,.671,258,949,374,185,64,415,513
287,Southeastern Louisiana,26,8,18,.308,-17.40,-8.02,,5,11,,3,4,,4,13,,1775,2019,,1055,591,1498,.395,177,607,.292,416,614,.678,314,887,261,180,64,414,509
288,Southern California,33,25,8,.758,20.50,10.65,,15,5,,13,2,,7,3,,2473,2148,,1340,904,1916,.472,214,594,.360,451,695,.649,384,1282,458,157,168,408,498
289,SIU Edwardsville,26,9,17,.346,-14.94,-6.02,,7,12,,2,8,,6,7,,1709,1897,,1040,619,1403,.441,156,490,.318,315,463,.680,226,852,337,153,121,413,438
290,Southern Illinois,26,12,14,.462,-3.56,0.72,,5,13,,8,5,,3,8,,1704,1770,,1050,614,1362,.451,210,560,.375,266,400,.665,139,772,352,160,48,311,370
291,Southern Methodist,17,11,6,.647,10.97,4.44,,7,4,,6,2,,5,2,,1269,1158,,680,456,999,.456,130,371,.350,227,312,.728,176,624,260,104,77,238,298
292,Southern Mississippi,25,8,17,.320,-6.88,-2.10,,4,13,,6,7,,2,9,,1605,1668,,1005,603,1396,.432,134,421,.318,265,392,.676,208,878,303,148,52,352,398
293,Southern Utah,24,20,4,.833,0.63,-5.69,,12,2,,14,0,,5,3,,2021,1669,,965,699,1475,.474,211,618,.341,412,551,.748,263,946,338,168,63,290,405
294,Southern,19,8,11,.421,-13.49,-13.07,,8,6,,5,2,,3,7,,1327,1335,,775,465,1077,.432,104,322,.323,293,436,.672,184,690,267,155,49,309,391
295,St. Bonaventure,21,16,5,.762,13.44,4.49,,11,4,,8,1,,4,3,,1471,1283,,840,542,1224,.443,134,390,.344,253,343,.738,238,775,306,123,83,225,322
296,St. Francis (NY),19,9,10,.474,-10.23,-8.38,,9,9,,4,6,,5,4,,1476,1511,,765,542,1215,.446,118,356,.331,274,373,.735,216,688,271,153,66,229,383
297,St. John's (NY),27,16,11,.593,9.41,7.19,,10,9,,11,3,,4,6,,2132,2072,,1095,779,1744,.447,200,580,.345,374,499,.749,302,971,440,246,105,340,493
298,Stanford,27,14,13,.519,10.15,10.01,,10,10,,5,4,,6,6,,1883,1879,,1100,678,1461,.464,145,451,.322,382,533,.717,209,905,332,191,92,403,448
299,Stephen F. Austin,21,16,5,.762,-1.63,-8.46,,13,3,,10,1,,6,4,,1686,1484,,850,622,1195,.521,100,297,.337,342,503,.680,243,749,331,199,73,348,419
300,Stetson,27,12,15,.444,-7.26,-4.51,,7,9,,7,5,,3,8,,1925,1896,,1090,687,1587,.433,246,667,.369,305,438,.696,282,957,370,188,74,357,443
301,Stony Brook,23,9,14,.391,-6.14,-4.73,,7,9,,5,5,,4,8,,1522,1509,,930,543,1318,.412,140,473,.296,296,434,.682,262,875,278,129,114,318,387
302,Syracuse,28,18,10,.643,13.27,8.59,,9,7,,13,1,,2,7,,2095,1964,,1125,743,1681,.442,237,678,.350,372,476,.782,285,990,419,227,141,317,409
303,Tarleton State,20,10,10,.500,-7.28,-3.02,,5,7,,6,3,,4,7,,1467,1246,,800,530,1129,.469,110,291,.378,297,412,.721,170,639,294,209,53,231,391
304,Temple,16,5,11,.313,2.57,5.57,,4,10,,3,5,,2,5,,1053,1101,,640,348,868,.401,115,336,.342,242,338,.716,148,580,214,67,39,213,281
305,Tennessee-Martin,24,8,16,.333,-19.41,-5.89,,6,14,,6,7,,2,9,,1571,1847,,970,556,1393,.399,165,495,.333,294,409,.719,260,775,289,172,62,343,429
306,Tennessee State,23,4,19,.174,-14.10,-7.23,,3,17,,4,8,,0,11,,1573,1702,,930,568,1342,.423,138,480,.288,299,438,.683,215,775,268,170,73,353,478
307,Tennessee Tech,27,5,22,.185,-14.13,-3.84,,5,15,,5,6,,0,16,,1797,2075,,1085,656,1517,.432,208,648,.321,277,410,.676,245,908,382,176,62,430,430
308,Tennessee,27,18,9,.667,16.87,8.46,,10,7,,13,3,,4,4,,1941,1714,,1080,682,1554,.439,178,538,.331,399,535,.746,294,968,401,196,130,337,444
309,Texas A&M-Corpus Christi,24,5,19,.208,-16.77,-6.10,,2,13,,4,8,,1,10,,1554,1716,,960,542,1296,.418,153,463,.330,317,462,.686,206,815,308,165,74,401,425
310,Texas A&M,18,8,10,.444,2.20,4.86,,2,8,,6,4,,2,4,,1157,1205,,720,401,966,.415,117,391,.299,238,328,.726,198,602,218,124,34,266,304
311,UT Arlington,26,13,13,.500,-7.23,-4.57,,9,8,,9,4,,3,8,,1916,1827,,1045,677,1659,.408,235,659,.357,327,444,.736,303,973,356,215,124,311,434
312,TCU,26,12,14,.462,2.61,6.99,,5,11,,6,7,,3,6,,1738,1852,,1045,625,1428,.438,175,518,.338,311,463,.672,255,900,338,157,90,369,407
313,UTEP,24,12,12,.500,1.07,1.26,,8,8,,10,2,,2,9,,1698,1644,,965,608,1432,.425,171,524,.326,311,416,.748,210,828,285,150,67,262,421
314,Texas-Rio Grande Valley,19,9,10,.474,-9.63,-5.23,,2,5,,8,3,,1,6,,1376,1287,,760,476,1164,.409,126,429,.294,298,468,.637,256,743,289,169,81,281,409
315,UTSA,26,15,11,.577,-1.22,-0.17,,9,7,,12,2,,2,8,,2050,1906,,1040,768,1717,.447,209,625,.334,305,401,.761,300,1001,383,161,83,302,475
316,Texas Southern,26,17,9,.654,-6.15,-9.03,,10,3,,8,2,,5,6,,1921,1806,,1045,695,1564,.444,117,424,.276,414,592,.699,313,1064,314,182,115,399,465
317,Texas State,25,18,7,.720,-3.85,-7.37,,12,3,,8,3,,9,3,,1660,1543,,1015,629,1361,.462,139,366,.380,263,372,.707,231,822,339,172,73,332,422
318,Texas Tech,29,18,11,.621,16.59,7.28,,9,8,,11,4,,5,4,,2103,1833,,1170,734,1672,.439,185,523,.354,450,634,.710,333,1014,377,207,116,313,502
319,Texas,27,19,8,.704,15.51,9.36,,11,6,,8,5,,6,2,,2008,1842,,1095,702,1547,.454,232,652,.356,372,524,.710,291,1036,357,176,110,393,531
320,Toledo,30,21,9,.700,6.59,-1.88,,15,4,,12,1,,7,5,,2433,2179,,1215,852,1869,.456,314,843,.372,415,532,.780,322,1129,480,184,74,332,458
321,Towson,18,4,14,.222,-9.83,-2.33,,3,9,,4,4,,0,6,,1214,1349,,730,434,1055,.411,90,311,.289,256,352,.727,225,666,170,90,50,224,318
322,Troy,28,11,17,.393,-12.06,-4.06,,4,12,,7,4,,2,11,,1829,1942,,1125,636,1596,.398,171,619,.276,386,555,.695,302,1056,320,175,87,417,480
323,Tulane,23,10,13,.435,1.03,3.59,,4,12,,6,6,,3,6,,1470,1529,,920,486,1269,.383,151,507,.298,347,465,.746,191,752,269,172,71,258,361
324,Tulsa,23,11,12,.478,4.19,5.43,,7,9,,7,5,,4,4,,1573,1509,,920,566,1262,.448,159,504,.315,282,416,.678,204,781,327,146,46,307,379
325,UCLA,32,22,10,.688,16.30,11.34,,13,6,,11,1,,5,6,,2349,2190,,1325,856,1855,.461,218,586,.372,419,586,.715,312,1117,437,158,89,336,514
326,Utah State,29,20,9,.690,10.99,1.32,,13,4,,10,2,,5,3,,2105,1808,,1160,773,1732,.446,185,557,.332,374,518,.722,361,1180,469,193,145,403,436
327,Utah Valley,22,11,11,.500,-3.41,-1.61,,9,4,,8,4,,3,6,,1632,1635,,885,592,1246,.475,116,335,.346,332,526,.631,239,854,370,115,101,329,431
328,Utah,25,12,13,.480,11.86,9.54,,8,11,,8,5,,3,7,,1803,1745,,1010,656,1398,.469,172,484,.355,319,403,.792,185,782,378,136,85,314,419
329,Valparaiso,28,10,18,.357,-4.21,1.14,,7,11,,6,6,,4,11,,1821,1902,,1130,660,1576,.419,189,635,.298,312,429,.727,196,920,356,183,97,346,445
330,Vanderbilt,25,9,16,.360,6.14,6.74,,3,13,,6,7,,2,8,,1794,1809,,1000,609,1416,.430,233,667,.349,343,466,.736,246,843,318,175,65,346,440
331,Vermont,15,10,5,.667,1.99,-7.61,,10,4,,6,3,,4,2,,1095,951,,610,383,828,.463,116,337,.344,213,273,.780,126,524,211,75,39,183,266
332,Villanova,25,18,7,.720,17.47,9.19,,11,4,,9,0,,4,4,,1870,1663,,1005,655,1446,.453,229,648,.353,331,434,.763,232,847,374,127,47,227,387
333,Virginia Commonwealth,27,19,7,.731,11.30,4.76,,10,4,,12,2,,5,3,,1864,1694,,1085,659,1460,.451,168,510,.329,378,497,.761,238,890,347,240,140,380,485
334,VMI,25,13,12,.520,-0.41,-0.78,,7,7,,11,1,,1,10,,2001,1897,,1010,706,1517,.465,270,711,.380,319,413,.772,203,963,393,134,75,314,364
335,Virginia Tech,22,15,7,.682,12.59,6.50,,9,4,,10,2,,3,3,,1585,1451,,895,558,1240,.450,180,508,.354,289,414,.698,204,760,313,106,85,256,362
336,Virginia,25,18,7,.720,15.27,7.59,,13,4,,10,1,,6,3,,1705,1513,,1005,629,1326,.474,212,566,.375,235,288,.816,162,791,345,123,111,229,323
337,Wagner,20,13,7,.650,-5.35,-7.90,,13,5,,7,3,,6,4,,1425,1374,,815,533,1205,.442,117,368,.318,242,337,.718,247,713,258,147,51,246,406
338,Wake Forest,22,6,16,.273,1.72,8.06,,3,15,,5,6,,1,9,,1458,1583,,885,501,1222,.410,195,562,.347,261,359,.727,198,718,252,136,48,300,365
339,Washington State,27,14,13,.519,8.12,6.93,,7,12,,11,5,,3,6,,1853,1821,,1110,633,1539,.411,208,610,.341,379,534,.710,304,1027,328,167,95,412,496
340,Washington,26,5,21,.192,1.88,11.61,,4,16,,4,7,,1,9,,1759,2012,,1040,641,1513,.424,197,593,.332,280,397,.705,213,811,280,158,95,355,472
341,Weber State,23,17,6,.739,3.14,-5.22,,12,3,,11,0,,6,5,,1881,1594,,920,656,1300,.505,193,496,.389,376,478,.787,148,754,345,154,69,288,376
342,West Virginia,29,19,10,.655,15.36,10.05,,11,6,,8,5,,7,2,,2243,2089,,1175,769,1793,.429,216,593,.364,489,680,.719,389,1097,407,220,82,348,473
343,Western Carolina,27,11,16,.407,-7.43,-2.03,,4,13,,6,5,,4,9,,2039,2129,,1105,716,1577,.454,226,662,.341,381,525,.726,211,928,359,133,75,382,455
344,Western Illinois,22,7,15,.318,-12.48,-4.62,,5,9,,2,5,,4,9,,1606,1746,,880,550,1362,.404,157,497,.316,349,488,.715,258,838,225,116,67,286,444
345,Western Kentucky,29,21,8,.724,5.19,0.50,,11,3,,11,2,,5,3,,2108,1972,,1170,733,1634,.449,185,536,.345,457,580,.788,305,1093,395,187,134,413,410
346,Western Michigan,21,5,16,.238,-11.51,-1.21,,4,12,,2,9,,3,7,,1325,1511,,840,499,1153,.433,141,427,.330,186,291,.639,167,710,245,93,42,305,346
347,Wichita State,22,16,6,.727,9.36,6.91,,11,2,,10,2,,5,2,,1572,1469,,890,533,1317,.405,178,530,.336,328,482,.680,261,834,286,135,82,246,342
348,William & Mary,17,7,10,.412,-11.23,-3.99,,4,6,,1,3,,5,6,,1101,1224,,685,388,948,.409,98,342,.287,227,303,.749,170,574,183,90,56,232,265
349,Winthrop,25,23,2,.920,4.69,-7.15,,17,1,,11,1,,10,0,,1972,1676,,1000,695,1521,.457,210,597,.352,372,541,.688,321,1003,374,186,57,350,459
350,Wisconsin,31,18,13,.581,17.22,11.93,,10,10,,11,5,,5,6,,2167,2003,,1250,767,1806,.425,269,738,.364,364,474,.768,255,1042,414,175,123,280,500
351,Wofford,24,15,9,.625,1.76,-0.24,,12,5,,9,3,,6,4,,1784,1627,,965,646,1374,.470,246,692,.355,246,349,.705,216,829,351,160,48,306,380
352,Wright State,24,18,6,.750,6.89,-7.65,,16,4,,9,4,,9,2,,1967,1618,,965,710,1471,.483,179,484,.370,368,508,.724,284,1015,369,142,87,314,328
353,Wyoming,25,14,11,.560,-1.23,-2.31,,5,9,,7,5,,4,5,,1915,1888,,1010,649,1442,.450,251,704,.357,366,509,.719,203,816,351,145,54,281,468
354,Xavier,21,13,8,.619,11.09,6.47,,6,7,,11,2,,2,5,,1571,1474,,850,589,1285,.458,162,498,.325,231,333,.694,200,792,369,145,85,235,325
356,Youngstown State,27,15,12,.556,-9.78,-8.17,,9,11,,10,5,,5,7,,2010,1950,,1095,717,1672,.429,186,606,.307,390,537,.726,346,991,349,163,44,310,441
